{"loss": 0.12390019245692649, "running_reward": 790.8420121444444, "ep_reward": 742, "epsilon": 0.11001871419253638, "_runtime": 51842, "_timestamp": 1646823718, "_step": 320}